Designator,Mid X,Mid Y,Layer,Rotation,Assembly
C1,96.844mm,167.64mm,Top,0,SMT
C2,128.34mm,169.037mm,Top,0,SMT
C3,139.516mm,163.957mm,Top,180,SMT
C4,107.9mm,154.2mm,Top,0,SMT
C5,127.197mm,158.166mm,Top,0,SMT
C6,145.55mm,160.47mm,Top,0,SMT
C7,131.896mm,158.166mm,Top,180,SMT
C8,29mm,40.06mm,Top,90,SMT
C9,29mm,105.49mm,Top,90,SMT
C10,29mm,170.92mm,Top,90,SMT
C11,25.4mm,34.569mm,Top,0,SMT
C13,104.597mm,43.891mm,Top,0,SMT
C14,144.6mm,84mm,Top,0,SMT
C16,98.623mm,60.251mm,Top,180,SMT
C17,141.62mm,81.2mm,Top,90,SMT
C18,109.6mm,63.3mm,Top,0,SMT
C19,139.4mm,87.6mm,Top,0,SMT
C20,96.083mm,61.242mm,Top,180,SMT
C21,96.083mm,58.194mm,Top,180,SMT
C22,95.067mm,55.146mm,Top,180,SMT
C25,145.19mm,56.2mm,Top,0,SMT
D1,97.225mm,158.166mm,Top,180,SMT
D2,107.766mm,149.86mm,Top,270,SMT
D3,96mm,150.5mm,Top,0,SMT
D4,145mm,151.6mm,Top,0,SMT
D5,145mm,148.4mm,Top,0,SMT
J1,131mm,4mm,Top,0,THT
J2,121mm,4mm,Top,0,THT
J9,110mm,4mm,Top,0,THT
J10,134.329mm,37.008mm,Top,270,SMT
J11,95mm,5mm,Top,0,SMT-hybrid
L1,117.57mm,158.166mm,Top,180,SMT
R1,115.5mm,15mm,Top,180,SMT
R2,88mm,12mm,Top,0,SMT
R3,88mm,16mm,Top,0,SMT
R4,144.6mm,86.6mm,Top,180,SMT
R5,126.38mm,57mm,Top,90,SMT
R6,120.2mm,23.39mm,Top,0,SMT
R7,120.2mm,50.57mm,Top,0,SMT
R10,109.6mm,52.4mm,Top,90,SMT
R11,99.131mm,66.576mm,Top,270,SMT
R12,121.6mm,73.17mm,Top,180,SMT
R13,121.6mm,71.9mm,Top,180,SMT
R14,121.6mm,70.63mm,Top,180,SMT
R15,121.6mm,69.36mm,Top,180,SMT
R16,121.6mm,68.09mm,Top,180,SMT
R17,131.46mm,84mm,Top,90,SMT
R18,139mm,151.6mm,Top,0,SMT
R19,139mm,148.4mm,Top,0,SMT
R20,139.08mm,84mm,Top,90,SMT
R21,137.81mm,84mm,Top,90,SMT
R22,136.54mm,84mm,Top,90,SMT
R23,135.27mm,84mm,Top,90,SMT
R24,128.92mm,84mm,Top,90,SMT
R25,121.6mm,74.44mm,Top,180,SMT
U2,134mm,70mm,Top,270,SMT
U3,34.417mm,34.569mm,Top,0,SMT
U4,34.417mm,100mm,Top,0,SMT
U5,34.417mm,165.43mm,Top,0,SMT
U6,105.734mm,158.166mm,Top,90,SMT
U7,139.476mm,158.166mm,Top,0,SMT
U8,105.151mm,57.508mm,Top,0,SMT
Y1,104.287mm,70.513mm,Top,270,SMT
J3,6.426mm,35.001mm,Top,270,THT
J4,62.408mm,35.001mm,Top,90,THT
J5,6.426mm,100mm,Top,270,THT
J6,62.408mm,100mm,Top,90,THT
J7,6.426mm,164.998mm,Top,270,THT
J8,62.408mm,164.998mm,Top,90,THT
R30,72.907mm,57.404mm,Top,0,SMT
R31,77.987mm,57.404mm,Top,0,SMT
R32,83.067mm,57.404mm,Top,0,SMT
R33,88.147mm,57.404mm,Top,0,SMT
R34,72.907mm,128.524mm,Top,0,SMT
R35,77.987mm,128.524mm,Top,0,SMT
R36,72.907mm,74.168mm,Top,0,SMT
R37,77.987mm,74.168mm,Top,0,SMT
R38,83.067mm,74.168mm,Top,0,SMT
R39,88.147mm,74.168mm,Top,0,SMT
R40,72.907mm,145.288mm,Top,0,SMT
R41,77.987mm,145.288mm,Top,0,SMT
U9,81.28mm,83.82mm,Top,0,SMT
U10,81.28mm,136.652mm,Top,0,SMT
C12,111.577mm,60.226mm,Top,0,SMT
C15,114.117mm,57.94mm,Top,0,SMT
C26,106.1mm,50.2mm,Top,270,SMT
C27,107.6mm,50.2mm,Top,270,SMT
C28,111.577mm,53.114mm,Top,270,SMT
C29,111.577mm,50.32mm,Top,270,SMT
C30,94.305mm,65.814mm,Top,0,SMT
C31,94.305mm,63.782mm,Top,0,SMT
L2,96.591mm,66.576mm,Top,270,SMT
R42,100.22mm,34.964mm,Top,180,SMT
R43,100.22mm,32.512mm,Top,180,SMT
R44,107.84mm,41.6mm,Top,180,SMT
R45,107.84mm,43.18mm,Top,180,SMT
R46,29.972mm,29.083mm,Top,270,SMT
R47,37.592mm,29.083mm,Top,270,SMT
R48,38.862mm,40.056mm,Top,90,SMT
R49,31.242mm,40.056mm,Top,90,SMT
R50,29.972mm,94.488mm,Top,270,SMT
R51,37.592mm,94.488mm,Top,270,SMT
R52,38.862mm,105.486mm,Top,90,SMT
R53,31.242mm,105.486mm,Top,90,SMT
R54,29.972mm,160.02mm,Top,270,SMT
R55,37.592mm,160.02mm,Top,270,SMT
R56,38.862mm,170.917mm,Top,90,SMT
R57,31.242mm,170.917mm,Top,90,SMT
R58,104.287mm,67.846mm,Top,0,SMT
C32,114.706mm,45.72mm,Top,0,SMT
C33,113.03mm,41.453mm,Top,0,SMT
C34,113.03mm,38.913mm,Top,0,SMT
C35,110.896mm,44.45mm,Top,0,SMT
R59,110.896mm,45.72mm,Top,0,SMT
D7,102mm,13mm,Top,0,SMT
D6,96mm,12.5mm,Top,0,SMT
SW1,121mm,14mm,Top,0,SMT
SW2,128.5mm,14mm,Top,0,SMT
C23,107.233mm,65.28mm,Top,270,SMT
C24,103.017mm,65.28mm,Top,270,SMT
C36,112.5mm,18mm,Top,0,SMT
F1,107.46mm,16mm,Top,90,SMT
R60,112.5mm,15mm,Top,0,SMT
